heuristic,mean_rank
nsga2,2.8571779141104297
nsga3,2.8704294478527608
wdeg,3.3067484662576687
mo_dyn_hd_cacd,3.338650306748466
dom,3.607361963190184
activity,5.019631901840491
