{
 "jssp_wdeg2004": {
  "closure": 5.434782608695652,
  "nodes": 70011.08695652174,
  "fails": 69493.13043478261,
  "cpu": 11.115156521739129,
  "b": 0.17052173913043478,
  "eps": 0.8294782608695652,
  "n": 23
 },
 "jssp_abscon": {
  "closure": 5.434782608695652,
  "nodes": 79799.47826086957,
  "fails": 79263.43478260869,
  "cpu": 11.20731304347826,
  "b": 0.20263913043478257,
  "eps": 0.7973608695652175,
  "n": 23
 },
 "jssp_hd2004": {
  "closure": 4.3478260869565215,
  "nodes": 59107.391304347824,
  "fails": 58602.69565217391,
  "cpu": 11.004839130434783,
  "b": 0.1882478260869565,
  "eps": 0.8117521739130436,
  "n": 23
 },
 "rcpsp_wdeg2004": {
  "closure": 62.857142857142854,
  "nodes": 30462.97142857143,
  "fails": 30413.385714285716,
  "cpu": 4.8284171428571465,
  "b": 0.300146,
  "eps": 0.699854,
  "n": 70
 },
 "rcpsp_abscon": {
  "closure": 64.64285714285715,
  "nodes": 33917.97142857143,
  "fails": 33872.77142857143,
  "cpu": 4.8256814285714285,
  "b": 0.33379200000000003,
  "eps": 0.6662079999999999,
  "n": 70
 },
 "rcpsp_hd2004": {
  "closure": 65.71428571428571,
  "nodes": 26975.428571428572,
  "fails": 26926.757142857143,
  "cpu": 4.618212857142858,
  "b": 0.31155800000000006,
  "eps": 0.6884420000000001,
  "n": 70
 }
}