{
 "jssp_wdeg2004": {
  "closure": 5.434782608695652,
  "nodes": 70011.08695652174,
  "fails": 69493.13043478261,
  "cpu": 11.11515652173913,
  "b": 0.17052173913043478,
  "eps": 0.8294782608695652,
  "n": 23
 },
 "jssp_abscon": {
  "closure": 5.434782608695652,
  "nodes": 79799.47826086957,
  "fails": 79263.43478260869,
  "cpu": 11.20731304347826,
  "b": 0.20263913043478257,
  "eps": 0.7973608695652175,
  "n": 23
 },
 "jssp_hd2004": {
  "closure": 4.3478260869565215,
  "nodes": 59107.391304347824,
  "fails": 58602.69565217391,
  "cpu": 11.004839130434783,
  "b": 0.1882478260869565,
  "eps": 0.8117521739130436,
  "n": 23
 },
 "rcpsp_wdeg2004": {
  "closure": 55.00000000000001,
  "nodes": 36889.225,
  "fails": 36818.6125,
  "cpu": 5.72518125,
  "b": NaN,
  "eps": NaN,
  "n": 80
 },
 "rcpsp_abscon": {
  "closure": 56.56250000000001,
  "nodes": 39870.3375,
  "fails": 39811.7625,
  "cpu": 5.72275125,
  "b": NaN,
  "eps": NaN,
  "n": 80
 },
 "rcpsp_hd2004": {
  "closure": 57.49999999999999,
  "nodes": 37867.25,
  "fails": 37797.3125,
  "cpu": 5.541023749999999,
  "b": NaN,
  "eps": NaN,
  "n": 80
 }
}